Id,HUC,X_METER,Y_METER,THG,LN_THG
0,10120106,-309306.6363,-179191.0897,30,3.401197382
0,10120112,-142509.599,-54493.32297,23.38,3.151880956
0,16020101,-946456.9854,-386890.1137,21.76,3.080073422
0,10120202,-273007.7681,-31297.48718,21.43,3.064791809
0,4020101,782143.9924,221656.5916,19.5,2.970414466
0,18020108,-1839003.456,-427703.253,17.82,2.880321422
0,18040001,-1809593.846,-661564.7854,17.1816,2.843839044
0,16050102,-1697678.73,-413599.8358,16.7419,2.817914559
0,2040302,2146801.596,-291618.0264,12.26,2.506341931
0,2040105,2075385.34,-143120.9215,11.64,2.454447442
0,17010302,-1200360.107,398145.687,8.91,2.187174241
0,4100005,1268209.932,-306206.6029,8.851,2.180530447
0,18020104,-1890898.727,-388310.7307,8.545,2.145346317
0,2040201,2113023.643,-212200.0473,8.45,2.134166441
0,7130010,779064.9578,-473571.654,8.258,2.111182427
0,5010005,1737840.817,-180219.6828,8.09,2.090628731
0,3130013,1477995.133,-1537670.439,7.7288,2.044953611
0,3010203,2064001.102,-678883.5769,6.602,1.887372633
0,1030002,2269845.665,453288.4551,5.89,1.773255998
0,10200203,278306.9052,-438821.1044,5.8688,1.769650184
0,3070204,1725453.89,-1430028.821,5.7189,1.743776479
0,17010201,-987082.6736,234195.6025,5.57,1.717395054
0,10080014,-688725.5166,11670.3837,5.31,1.669591835
0,5120202,1124636.134,-585793.8349,5.3015,1.667989799
0,7010205,439807.9539,3587.546761,4.957193472,1.600839748
0,16020204,-1004319.899,-409025.7682,4.8,1.568615918
0,12030201,390807.019,-1468076.006,4.79485,1.567542425
0,9010002,-152525.9382,406898.4354,4.7875,1.566008355
0,3050205,1795668.951,-1107325.681,4.7243,1.552719402
0,3150105,1339558.892,-1081702.568,4.68,1.54329811
0,4110002,1544128.933,-237966.0018,4.6452,1.535834428
0,3110102,1610164.994,-1522819.876,4.5755,1.520715982
0,17090012,-1758533.264,341599.5175,4.5175,1.507958743
0,2060009,2118161.495,-444096.7077,4.5151,1.507427335
0,5120101,1232800.188,-367202.089,4.37,1.474763009
0,10210010,114038.471,-356034.9163,4.3558,1.47150829
0,10300101,517970.6363,-623643.7504,4.3473,1.469554963
0,10110101,-182352.6214,340739.532,4.29,1.456286733
0,10210003,61497.51924,-391619.6347,4.2473,1.446283487
0,18020109,-1872914.777,-476618.3343,4.09585,1.409974266
0,7120004,991727.4312,-270980.4083,4.0835,1.406954464
0,16050201,-1700419.972,-484863.8396,4.08,1.406096988
0,10100004,-349580.8442,262213.2503,4.07,1.403642999
0,9020108,302177.9172,256487.0315,4.06,1.401182974
0,5120111,1073583.206,-550505.6386,4.02,1.391281903
0,5120209,1134663.786,-648418.8665,3.97,1.378766095
0,5120112,1029858.494,-556762.7044,3.949,1.373462382
0,10080010,-631098.4489,10501.44447,3.89,1.358409158
0,1040002,2301595.27,358564.0237,3.876800418,1.355010179
0,14020006,-687333.9776,-710527.8191,3.865,1.351961682
0,12030105,328591.5556,-1384209.235,3.7599,1.324392361
0,3050206,1809754.485,-1088330.452,3.74,1.319085611
0,8080203,681921.0666,-1591474.431,3.68,1.302912752
0,7130011,815913.9619,-550124.2541,3.61,1.283707772
0,18020111,-1836843.77,-465442.358,3.44945,1.238214798
0,17090002,-1822250.399,118066.2975,3.435,1.234016926
0,11100302,315529.5852,-1066067.1,3.4005,1.22392248
0,6030002,1219986.614,-1050421.661,3.4,1.223775432
0,5120201,1195043.498,-462554.3095,3.397,1.222892689
0,10190004,-470697.4147,-566367.5742,3.2646,1.183137244
0,3130001,1476221.051,-1046149.409,3.2121,1.166924929
0,9020106,282353.1237,208003.0908,3.205,1.16471209
0,7020002,310854.5119,53349.93019,3.196549809,1.162072043
0,1020001,2312274.821,550428.9597,3.185,1.158452289
0,8080204,671332.9875,-1540871.817,3.1838,1.158075452
0,10130306,-122389.6737,27810.58308,3.18,1.156881197
0,12030202,437411.6765,-1547934.535,2.999,1.0982789
0,18070203,-1604577.433,-1056617.389,2.99,1.095273387
0,2020003,2127938.114,129005.3754,2.9,1.064710737
0,3050203,1745052.601,-1067353.895,2.88,1.057790294
0,2030103,2133191.565,-112234.1882,2.86,1.050821625
0,3050204,1725078.166,-1083894.958,2.854,1.048721519
0,9020107,231416.2593,258940.1983,2.85,1.047318994
0,17110012,-1638310.804,515509.1436,2.82,1.036736885
0,1020004,2352878.33,497438.261,2.815,1.034962262
0,3090101,1856067.828,-1706230.608,2.7873,1.025073385
0,7130001,895863.8172,-364230.0059,2.777,1.021371208
0,3160201,1132736.488,-1348537.168,2.74,1.00795792
0,10120109,-259485.1161,-142528.5564,2.7,0.993251773
0,17090011,-1717227.361,250020.602,2.69115,0.989968612
0,5120108,1087200.624,-457705.081,2.69095,0.989894291
0,7120001,1077596.255,-322219.4316,2.685,0.987680728
0,9020303,289685.471,334766.2162,2.645,0.972671065
0,12030109,301803.5676,-1409879.32,2.6374,0.969793583
0,10220003,255331.503,-353051.2125,2.6021,0.956318811
0,16010202,-976761.0411,-241695.5548,2.6,0.955511445
0,1090001,2331886.377,129069.1311,2.57,0.943905899
0,7130005,829489.9132,-413857.6075,2.512,0.921079249
0,9020301,248238.4574,297891.3584,2.51,0.920282753
0,10210008,22889.86682,-314871.5248,2.4924,0.913246102
0,2030105,2119414.063,-168461.2146,2.48,0.90825856
0,7100003,461227.8414,-180849.198,2.453877291,0.897669341
0,8010208,977921.4922,-1002439.483,2.4007,0.875760361
0,5120207,1240486.76,-574389.0751,2.37585,0.865355268
0,7140203,909600.9995,-608248.1692,2.3275,0.84479473
0,5120103,1237933.653,-400711.8841,2.31,0.837247525
0,2040205,2054601.839,-274943.3873,2.27585,0.822353609
0,3160204,1154936.845,-1485114.995,2.27,0.819779831
0,3130002,1405693.53,-1188698.023,2.26645,0.818214731
0,3110203,1592361.283,-1374617.227,2.2542,0.812795143
0,2040206,2110967.634,-299316.3551,2.25,0.810930216
0,1110000,2161333.116,361009.1305,2.24,0.806475866
0,9020304,319434.0385,379932.1031,2.215,0.795252403
0,4100003,1257289.106,-270591.8905,2.2,0.78845736
0,5120104,1192723.933,-339142.7734,2.185,0.781615829
0,1090003,2300085.366,80072.07588,2.165,0.772420361
0,2040103,2033390.124,-79864.51743,2.155,0.767790724
0,10070001,-813584.5327,14969.50637,2.1425,0.761973371
0,17090010,-1777128.727,317280.4876,2.1363,0.759075361
0,7140101,854979.2075,-678324.0551,2.127,0.754712536
0,4040002,986099.4758,-180059.2136,2.1168,0.749905514
0,3020201,1926560.518,-781646.9531,2.107,0.745265135
0,10270104,414424.6496,-646454.0255,2.1041,0.743887822
0,5080001,1344661.751,-407851.5691,2.1,0.741937345
0,3160203,1145496.484,-1415508.611,2.09,0.737164066
0,4040003,961284.2212,-107385.4324,2.088095204,0.736252265
0,1050001,2462513.583,543190.5126,2.075,0.729961154
0,9030003,518586.5031,403768.788,2.07,0.727548607
0,2070010,1951708.39,-420626.4436,2.0646,0.724936503
0,5080002,1322968.445,-476191.1162,2.05,0.717839793
0,5120208,1166936.437,-593247.4709,2.04105,0.713464381
0,1030003,2336551.996,416290.1995,2.04,0.712949808
0,2030202,2236870.387,-94761.56634,2.035,0.710495819
0,7020011,500513.2793,-99046.55059,2.019120766,0.702662152
0,2020002,2055047.921,144714.6466,2.01,0.698134722
0,1050002,2466813.777,465598.0688,2.005,0.695644061
0,2020001,2056626.646,197590.0243,1.9958,0.691044972
0,18020127,-1817326.546,-441437.9973,1.9955,0.690894646
0,2020004,2021123.497,106019.1691,1.98,0.683096845
0,5140104,1205312.917,-659904.1104,1.98,0.683096845
0,3130006,1516112.214,-1300026.829,1.9473,0.666443798
0,1080104,2202262.278,211362.0135,1.94,0.662687973
0,2040106,2029608.151,-155683.3786,1.94,0.662687973
0,1060003,2313722.67,225415.3244,1.91,0.647103242
0,1080202,2239602.404,125999.7779,1.91,0.647103242
0,18040002,-1830541.412,-585850.8712,1.8847,0.633768657
0,3020103,2029978.136,-757714.7818,1.8802,0.631378154
0,10090101,-543167.4165,14744.25436,1.87,0.625938431
0,12030103,271539.9098,-1285450.501,1.8477,0.613941622
0,18040013,-1788878.243,-488614.0648,1.8456,0.612804428
0,5090202,1373319.962,-488938.722,1.83,0.604315967
0,1080203,2183254.01,117651.887,1.82,0.598836501
0,5120106,1136853.134,-349014.4275,1.819,0.5982869
0,4020105,917413.5101,260194.1688,1.818,0.597736996
0,7020004,351793.893,-16998.71472,1.81230643,0.594600305
0,7050005,670691.8859,25728.12297,1.810265114,0.593473306
0,4030107,908818.4196,220318.4394,1.792,0.583332315
0,3150204,1195032.229,-1412008.811,1.78,0.576613364
0,7120006,958215.8878,-199826.3532,1.77335,0.572870413
0,4030105,915487.0611,107513.6575,1.76,0.565313809
0,7030003,548677.5764,174095.8732,1.753062011,0.56136398
0,1080201,2218055.081,117153.3682,1.75,0.559615788
0,5120206,1228220.309,-543332.1226,1.72665,0.546183115
0,2010003,2131939.793,287757.7614,1.72,0.542324291
0,4030108,925854.7536,146230.2227,1.6804,0.51903186
0,1070005,2302487.091,118366.7664,1.68,0.518793793
0,2040102,2053093.773,-6646.129054,1.68,0.518793793
0,7030004,521616.4981,134178.3988,1.671949725,0.513990445
0,4050001,1190209.286,-245405.548,1.65855,0.505943727
0,5140203,1028808.205,-766949.7985,1.645,0.497740384
0,4110004,1576232.548,-195169.6896,1.6164,0.480201454
0,8080202,719107.7678,-1643237.855,1.61,0.476234179
0,4010101,702735.1412,352434.3298,1.606463835,0.474035388
0,8010210,964942.2649,-1045096.32,1.6029,0.471814489
0,10210006,-47585.9947,-311371.3852,1.5976,0.468502503
0,5120203,1126175.199,-518861.5941,1.59135,0.464582713
0,1010004,2355114.771,655344.5156,1.59,0.463734016
0,4150302,1947385.592,218584.0968,1.59,0.463734016
0,3020203,1993904.149,-781700.2151,1.583,0.459321781
0,2040203,2031143.744,-211418.4398,1.565,0.447885824
0,5020005,1692587.264,-349298.7612,1.56,0.444685821
0,4050007,1208969.061,-147692.7094,1.550435122,0.438535615
0,4150101,1967639.368,163600.0442,1.55,0.438254931
0,17010204,-1113307.659,336888.7015,1.53,0.425267735
0,9030001,629935.8065,358948.9103,1.528290517,0.424149802
0,1010005,2404993.521,637423.4362,1.5,0.405465108
0,1020002,2343348.507,587534.0319,1.5,0.405465108
0,1070002,2278905.515,196322.5928,1.493186787,0.400912619
0,1020005,2405569.907,483243.5069,1.475,0.38865799
0,7140204,889396.6466,-673185.916,1.462,0.379805361
0,1060001,2324860.719,308034.886,1.46,0.378436436
0,2050106,1957696.221,-82334.30329,1.46,0.378436436
0,6040004,1122304.075,-972120.404,1.45,0.371563556
0,3010201,1984374.84,-631164.2177,1.4469,0.369423337
0,2070001,1790329.65,-457693.9866,1.4459,0.368731965
0,2050101,2006597.369,22660.17409,1.44,0.364643114
0,4040001,1079306.235,-287556.421,1.43,0.357674444
0,3110206,1704225.16,-1500641.176,1.4276,0.355994713
0,4030202,877091.8026,27465.94151,1.4142,0.346564
0,11100301,61388.49778,-956199.0247,1.4036,0.339040365
0,5120107,1156792.205,-416499.2338,1.39,0.329303747
0,1050003,2387554.667,363589.7102,1.385,0.32570014
0,6020004,1325891.524,-953679.9957,1.38,0.322083499
0,1070003,2240048.289,187954.6378,1.37,0.31481074
0,8090302,897056.8189,-1670797.536,1.345,0.296394013
0,1070001,2229334.506,264221.8786,1.34,0.292669614
0,17100303,-1875695.899,120712.0587,1.3359,0.289605222
0,2020007,2104842.991,-51348.7745,1.31,0.270027137
0,10210002,-103103.4691,-353226.4368,1.3081,0.268575703
0,2020005,2074024.607,53172.5789,1.285,0.250758718
0,2060008,2095443.663,-400863.7764,1.2822,0.248577353
0,1090004,2339962.927,63659.67424,1.28,0.246860078
0,2040101,2044903.471,-51943.15118,1.28,0.246860078
0,2010006,2039709.602,294100.2751,1.27,0.2390169
0,1080101,2210233.691,351504.6015,1.26,0.231111721
0,13010004,-556932.8725,-754972.8133,1.2541,0.226418184
0,10190005,-453579.8107,-531720.4697,1.25,0.223143551
0,3080101,1855338.13,-1627165.543,1.2405,0.215514524
0,18020121,-1796820.467,-312853.8223,1.23,0.207014169
0,1100001,2285074.468,51620.7769,1.215,0.194744077
0,10190007,-447507.7104,-459863.8245,1.21015,0.190744319
0,5120204,1216155.734,-488560.5828,1.205,0.186479567
0,2050107,1979720.252,-134652.0812,1.19,0.173953307
0,1100005,2180540.892,7816.140764,1.18,0.165514438
0,4030111,999529.0568,200304.5933,1.178764304,0.16446669
0,5020006,1747730.76,-351307.7108,1.16,0.148420005
0,7050003,749305.9515,132996.8632,1.155008297,0.144107527
0,7030002,645384.3306,153957.4392,1.1509,0.140544245
0,10190018,-142729.5247,-433400.1201,1.1401,0.131115978
0,3150202,1219065.859,-1238395.513,1.14,0.131028262
0,17010212,-1076037.711,375881.9707,1.14,0.131028262
0,4020103,865051.9134,298360.0303,1.126050369,0.118716261
0,2040202,2104580.837,-244112.5883,1.12,0.113328685
0,4010202,603074.2212,268527.5804,1.118735389,0.11219893
0,5120110,1126256.137,-457273.4195,1.11295,0.107014148
0,4150307,2006438.329,306261.6379,1.11,0.104360015
0,8080201,732330.6972,-1577705.772,1.11,0.104360015
0,7030005,574880.8605,67389.17132,1.101876375,0.097014522
0,3130010,1456637.346,-1410603.174,1.0982,0.093672476
0,7120007,944829.9975,-302138.6611,1.092,0.088010877
0,5140204,1010799.432,-732298.7248,1.07,0.067658648
0,1070004,2275901.865,127992.5622,1.06,0.058268908
0,10190006,-452140.5569,-496205.9147,1.06,0.058268908
0,17090005,-1741187.742,210626.7985,1.0518,0.050502982
0,3050109,1653627.493,-1004917.738,1.05,0.048790164
0,3010102,1882443.796,-662970.7282,1.037,0.036331929
0,1060002,2280358.876,291971.9373,1.03,0.029558802
0,2020006,2118825.92,46999.61927,1.03,0.029558802
0,1040001,2242553.944,395493.5756,1.02,0.019802627
0,1090002,2395392.134,73125.40566,1.02,0.019802627
0,2040104,2068539.321,-82082.25538,1.02,0.019802627
0,18020102,-1889003.262,-259906.2857,1.02,0.019802627
0,1010002,2291678.373,633381.0755,1.01,0.009950331
0,7060005,800280.5407,-249494.8094,1.0045,0.004489905
0,5120115,996032.1219,-667338.9775,0.988,-0.012072581
0,7030001,604059.5101,146459.2197,0.984,-0.016129382
0,13020102,-582424.1239,-924099.6275,0.9623,-0.038429027
0,1080107,2178122.597,163104.7573,0.95,-0.051293294
0,7130003,846068.5612,-456153.1587,0.948,-0.053400777
0,3130009,1470575.656,-1358259.837,0.9353,-0.066887946
0,4030104,914407.2487,76606.73521,0.927597691,-0.075157163
0,5080003,1279807.604,-479157.7103,0.915,-0.088831214
0,14010001,-587692.5003,-545254.2196,0.91,-0.094310679
0,18040009,-1738212.091,-576254.7497,0.91,-0.094310679
0,7070002,806248.5371,57753.98975,0.901342811,-0.103869615
0,18020003,-1793815.919,-211570.6729,0.9,-0.105360516
0,7070001,813384.821,136125.9909,0.89,-0.116533816
0,4020104,867599.056,249656.5812,0.887,-0.119910297
0,2030101,2161761.019,-67544.78611,0.88,-0.127833372
0,17030003,-1544651.59,346877.5287,0.8747,-0.133874309
0,7130006,953749.5255,-488481.5058,0.866,-0.14387037
0,5010009,1692821.519,-273887.1643,0.85,-0.162518929
0,15060202,-1100224.54,-1045011.735,0.8495,-0.163107338
0,4150305,2014381.518,203884.1206,0.845,-0.168418652
0,4090003,1374297.922,-110918.5536,0.832249434,-0.183623083
0,7040002,541935.1508,-56158.34331,0.817767254,-0.201177513
0,2060002,2047954.172,-335405.3366,0.8148,-0.204812595
0,7140105,908258.8282,-760178.5474,0.801,-0.221894332
0,7140201,972832.4941,-533228.0553,0.786,-0.240798487
0,5120114,1009823.614,-624252.5079,0.762,-0.271808723
0,18030010,-1670132.369,-711169.2585,0.76,-0.274436846
0,17030001,-1557657.959,437256.1694,0.7491,-0.288882793
0,18030001,-1652013.009,-799670.2529,0.745,-0.294371061
0,7080104,768225.3342,-408940.7557,0.74,-0.301105093
0,3130008,1499434.815,-1397704.853,0.729,-0.316081547
0,1090005,2320592.539,13910.02674,0.7,-0.356674944
0,7050007,640218.4223,66781.13606,0.699402029,-0.357529553
0,18030007,-1683107.65,-756220.4737,0.693333333,-0.366244395
0,4030203,923505.0827,-54923.74776,0.683749958,-0.380162987
0,3090202,1960131.083,-1867973.648,0.6749,-0.393190747
0,4020102,825873.6562,218970.849,0.673341115,-0.39550322
0,17010207,-999018.0391,455006.2986,0.67,-0.400477567
0,4030110,955379.6726,213241.2659,0.653,-0.42617815
0,7020005,348966.6957,61845.50151,0.650839009,-0.429492965
0,7010204,434006.9186,41461.41035,0.650417128,-0.430141387
0,10010001,-1011185.682,524584.0984,0.65,-0.430782916
0,18040008,-1735468.822,-609481.1817,0.645,-0.438504962
0,9030006,460583.1144,341719.4798,0.635,-0.45413028
0,18040006,-1694462.203,-658816.8612,0.635,-0.45413028
0,4010301,643424.5079,213273.3952,0.625241748,-0.469616907
0,17090006,-1768361.591,195176.9174,0.6179,-0.481428647
0,7140202,943865.2167,-626689.8992,0.6,-0.510825624
0,4050002,1134897.591,-172373.4636,0.598676992,-0.513033072
0,17090004,-1761179.441,151354.2609,0.59645,-0.516759863
0,18020119,-1834677.439,-295607.2809,0.58,-0.544727175
0,4050006,1173413.836,-106359.9992,0.575588198,-0.552362808
0,17040101,-837925.1281,-59737.96314,0.57,-0.562118918
0,7140106,953289.9435,-715868.4616,0.566,-0.569161201
0,14010002,-527196.9365,-573140.0669,0.56,-0.579818495
0,7130007,908095.0952,-546952.7061,0.559,-0.581605806
0,7020012,485958.05,-24416.09111,0.55044441,-0.597029309
0,17110013,-1632860.214,481614.2869,0.548,-0.601479992
0,7090001,903762.5345,-193310.1799,0.542566534,-0.611444558
0,4060101,1114770.665,-44480.55781,0.528789927,-0.637164039
0,17020013,-1383207.613,442193.0238,0.5226,-0.648938926
0,4150304,1956823.647,245682.2114,0.52,-0.653926467
0,15060203,-1072714.38,-1130275.289,0.5169,-0.659905847
0,7130004,920365.8873,-427351.7088,0.491,-0.711311151
0,4090005,1330073.333,-156338.0586,0.487,-0.719491156
0,4030101,965913.1854,-38159.78149,0.470635977,-0.753670356
0,7010106,394389.485,202002.9502,0.465557982,-0.764518631
0,10030201,-947082.9497,445211.8936,0.46,-0.776528789
0,7050001,691966.5622,127835.5762,0.455236792,-0.786937573
0,4050004,1271033.428,-149122.1082,0.445709115,-0.808088748
0,4060105,1160462.72,113097.6638,0.444,-0.811930717
0,17090001,-1781952.646,110414.4978,0.4202,-0.867024491
0,4070007,1245770.165,82217.7192,0.412,-0.88673193
0,4060102,1175597.527,-14615.94176,0.39727339,-0.923130596
0,9020103,320080.202,182459.8244,0.394655208,-0.929742786
0,4070006,1267141.056,123580.9608,0.392,-0.936493439
0,4070004,1194874.516,152705.7797,0.384,-0.957112726
0,4050003,1200941.227,-179728.3074,0.378523552,-0.971476983
0,7120002,1042835.239,-388418.6225,0.369,-0.996958635
0,4100002,1320646.362,-206498.855,0.368,-0.999672341
0,7070003,804195.9698,-40250.86084,0.365747375,-1.005812416
0,4010201,566469.8325,268846.4904,0.365620026,-1.006160665
0,5120109,1029443.031,-450852.6995,0.363,-1.013352445
0,7010103,502994.6246,252019.7816,0.355157706,-1.035193346
0,7050002,779907.9553,170756.8019,0.346798012,-1.059012767
0,7010206,532102.0013,26092.82388,0.324148077,-1.12655484
0,4060104,1109606.739,64271.08937,0.322,-1.133203733
0,17110017,-1735168.44,528723.9147,0.3035,-1.192373668
0,4080202,1217047.434,-45004.5364,0.299,-1.207311706
0,7090006,928175.3822,-252228.6145,0.298,-1.210661792
0,7010107,367218.9444,171650.6719,0.290102427,-1.237521222
0,4030201,867080.7381,-70145.79226,0.289895821,-1.238233658
0,7010104,459535.4419,163276.8104,0.27695972,-1.283883199
0,7010102,426076.5119,252300.3824,0.270372543,-1.307954482
0,7010105,444425.7274,209624.0178,0.263568442,-1.333442203
0,7010101,414465.0649,283073.5985,0.253107021,-1.373942872
0,7010108,381975.3852,129955.4226,0.236656039,-1.441147504
0,4080201,1239983.105,-4223.447732,0.234,-1.452434164
0,7010203,472570.1102,68083.60758,0.216780586,-1.528869561
0,4080203,1266234.872,-59178.53261,0.210388322,-1.558800303
